loss,params,stats,iteration,train_time
0.09102709498256445,"{'actv': 'relu', 'batch_size': 48, 'drop_enabled': True, 'epochs': 100, 'loss': 'mae', 'lr': 0.10944063418741538, 'optimizer': 'adam', 'overcomplete': True, 'shuffle': False, 'drop_factor': 0.2, 'l1_reg': 2e-05, 'nl_o': 7, 'nnl_o': 11, 'nl_u': 4, 'nnl_u': 2}","{'precision_N': 0.93340922026181, 'recall_N': 1.0, 'fscore_N': 0.965557845157492, 'precision_A': 0.0, 'recall_A': 0.0, 'precision_W': 0.8712527724697601, 'recall_W': 0.93340922026181, 'fscore_W': 0.9012605953661279, 'err_threshold': 1.0, 'n_perc': 93}",1,74.3197165
0.09142136585372718,"{'actv': 'relu', 'batch_size': 24, 'drop_enabled': True, 'epochs': 100, 'loss': 'mae', 'lr': 0.14724802938420453, 'optimizer': 'adam', 'overcomplete': True, 'shuffle': False, 'drop_factor': 0.3, 'l1_reg': 1e-05, 'nl_o': 6, 'nnl_o': 10, 'nl_u': 4, 'nnl_u': 2}","{'precision_N': 0.9389889599070308, 'recall_N': 1.0, 'fscore_N': 0.9685346119268804, 'precision_A': 0.0, 'recall_A': 0.0, 'precision_W': 0.8817002668272874, 'recall_W': 0.9389889599070308, 'fscore_W': 0.9094433078871811, 'err_threshold': 1.0, 'n_perc': 93}",2,77.66106160000001
0.09855101281278013,"{'actv': 'relu', 'batch_size': 16, 'drop_enabled': False, 'epochs': 100, 'loss': 'mae', 'lr': 0.060201436446864445, 'optimizer': 'adam', 'overcomplete': True, 'shuffle': True, 'drop_factor': 0.1, 'l1_reg': 1e-05, 'nl_o': 9, 'nnl_o': 15, 'nl_u': 4, 'nnl_u': 2}","{'precision_N': 0.9391447368421053, 'recall_N': 1.0, 'fscore_N': 0.9686174724342663, 'precision_A': 0.0, 'recall_A': 0.0, 'precision_W': 0.8819928367382273, 'recall_W': 0.9391447368421053, 'fscore_W': 0.9096720012499443, 'err_threshold': 1.0, 'n_perc': 85}",3,175.52912220000002
0.09501110224367736,"{'actv': 'relu', 'batch_size': 16, 'drop_enabled': False, 'epochs': 100, 'loss': 'mae', 'lr': 0.09033404674117412, 'optimizer': 'adam', 'overcomplete': True, 'shuffle': True, 'drop_factor': 0.1, 'l1_reg': 3e-05, 'nl_o': 6, 'nnl_o': 6, 'nl_u': 4, 'nnl_u': 2}","{'precision_N': 0.9443155452436195, 'recall_N': 1.0, 'fscore_N': 0.9713603818615751, 'precision_A': 0.0, 'recall_A': 0.0, 'precision_W': 0.8917318489887545, 'recall_W': 0.9443155452436195, 'fscore_W': 0.9172707086256637, 'err_threshold': 1.0, 'n_perc': 92}",4,82.13219339999995
0.09065286720830956,"{'actv': 'relu', 'batch_size': 64, 'drop_enabled': True, 'epochs': 100, 'loss': 'mae', 'lr': 0.010112097637568014, 'optimizer': 'adam', 'overcomplete': False, 'shuffle': False, 'drop_factor': 0.5, 'nl_o': 3, 'nnl_o': 10, 'nl_u': 4, 'nnl_u': 9}","{'precision_N': 0.9393586005830904, 'recall_N': 1.0, 'fscore_N': 0.9687312086590499, 'precision_A': 0.0, 'recall_A': 0.0, 'precision_W': 0.8823945804894219, 'recall_W': 0.9393586005830904, 'fscore_W': 0.9099859925071309, 'err_threshold': 1.0, 'n_perc': 93}",5,32.06445009999999
0.058230556759964,"{'actv': 'relu', 'batch_size': 32, 'drop_enabled': False, 'epochs': 100, 'loss': 'mae', 'lr': 0.014356869953935062, 'optimizer': 'adam', 'overcomplete': False, 'shuffle': True, 'drop_factor': 0.1, 'nl_o': 3, 'nnl_o': 10, 'nl_u': 3, 'nnl_u': 5}","{'precision_N': 0.9456140350877194, 'recall_N': 1.0, 'fscore_N': 0.9720468890892696, 'precision_A': 1.0, 'recall_A': 0.041237113402061855, 'precision_W': 0.9486918872443654, 'recall_W': 0.9457409568261377, 'fscore_W': 0.9215186627620656, 'err_threshold': 1.0, 'n_perc': 93}",6,47.3428667
0.0817206496470853,"{'actv': 'relu', 'batch_size': 32, 'drop_enabled': False, 'epochs': 100, 'loss': 'mae', 'lr': 0.07712169580286617, 'optimizer': 'adam', 'overcomplete': False, 'shuffle': False, 'drop_factor': 0.1, 'nl_o': 3, 'nnl_o': 10, 'nl_u': 8, 'nnl_u': 5}","{'precision_N': 0.9460067491563554, 'recall_N': 1.0, 'fscore_N': 0.9722543352601156, 'precision_A': 1.0, 'recall_A': 0.030303030303030304, 'precision_W': 0.949008058439635, 'recall_W': 0.9460976979225154, 'fscore_W': 0.9214796863106565, 'err_threshold': 1.0, 'n_perc': 85}",7,79.72456729999999
0.09243037825931769,"{'actv': 'relu', 'batch_size': 8, 'drop_enabled': True, 'epochs': 100, 'loss': 'mae', 'lr': 0.02427571868705232, 'optimizer': 'adam', 'overcomplete': True, 'shuffle': False, 'drop_factor': 0.3, 'l1_reg': 2e-05, 'nl_o': 5, 'nnl_o': 13, 'nl_u': 4, 'nnl_u': 2}","{'precision_N': 0.939532230462065, 'recall_N': 1.0, 'fscore_N': 0.9688235294117648, 'precision_A': 0.0, 'recall_A': 0.0, 'precision_W': 0.8827208120770229, 'recall_W': 0.939532230462065, 'fscore_W': 0.9102409315123654, 'err_threshold': 1.0, 'n_perc': 93}",8,253.29138809999995
0.0934584012885732,"{'actv': 'relu', 'batch_size': 48, 'drop_enabled': False, 'epochs': 100, 'loss': 'mae', 'lr': 0.027272119804476153, 'optimizer': 'adam', 'overcomplete': True, 'shuffle': False, 'drop_factor': 0.1, 'l1_reg': 3e-05, 'nl_o': 9, 'nnl_o': 9, 'nl_u': 4, 'nnl_u': 2}","{'precision_N': 0.9450113378684807, 'recall_N': 1.0, 'fscore_N': 0.9717283590789857, 'precision_A': 0.0, 'recall_A': 0.0, 'precision_W': 0.8930464286999759, 'recall_W': 0.9450113378684807, 'fscore_W': 0.9182943166579758, 'err_threshold': 1.0, 'n_perc': 93}",9,79.9375503
0.0988456587562907,"{'actv': 'relu', 'batch_size': 56, 'drop_enabled': False, 'epochs': 100, 'loss': 'mae', 'lr': 0.01105683052120054, 'optimizer': 'adam', 'overcomplete': True, 'shuffle': False, 'drop_factor': 0.1, 'l1_reg': 3e-05, 'nl_o': 8, 'nnl_o': 11, 'nl_u': 4, 'nnl_u': 2}","{'precision_N': 0.9337557603686636, 'recall_N': 1.0, 'fscore_N': 0.9657432231158772, 'precision_A': 0.0, 'recall_A': 0.0, 'precision_W': 0.8718998200216611, 'recall_W': 0.9337557603686636, 'fscore_W': 0.9017682976214499, 'err_threshold': 1.0, 'n_perc': 85}",10,86.69576089999998
0.09228958482878195,"{'actv': 'relu', 'batch_size': 48, 'drop_enabled': True, 'epochs': 100, 'loss': 'mae', 'lr': 0.10944063418741538, 'optimizer': 'adam', 'overcomplete': True, 'shuffle': False, 'drop_factor': 0.2, 'l1_reg': 2e-05, 'nl_o': 7, 'nnl_o': 11, 'nl_u': 4, 'nnl_u': 2}","{'precision_N': 0.9336410848240047, 'recall_N': 1.0, 'fscore_N': 0.9656818860041779, 'precision_A': 0.0, 'recall_A': 0.0, 'precision_W': 0.8716856752713442, 'recall_W': 0.9336410848240047, 'fscore_W': 0.9016002836438315, 'err_threshold': 1.0, 'n_perc': 92}",11,81.81401909999988
0.09192269740178603,"{'actv': 'relu', 'batch_size': 24, 'drop_enabled': True, 'epochs': 100, 'loss': 'mae', 'lr': 0.14724802938420453, 'optimizer': 'adam', 'overcomplete': True, 'shuffle': False, 'drop_factor': 0.3, 'l1_reg': 1e-05, 'nl_o': 6, 'nnl_o': 10, 'nl_u': 4, 'nnl_u': 2}","{'precision_N': 0.939766081871345, 'recall_N': 1.0, 'fscore_N': 0.968947844437745, 'precision_A': 0.0, 'recall_A': 0.0, 'precision_W': 0.8831602886358195, 'recall_W': 0.939766081871345, 'fscore_W': 0.9105843193049451, 'err_threshold': 1.0, 'n_perc': 93}",12,100.70211829999994
0.10014030452710124,"{'actv': 'relu', 'batch_size': 16, 'drop_enabled': False, 'epochs': 100, 'loss': 'mae', 'lr': 0.060201436446864445, 'optimizer': 'adam', 'overcomplete': True, 'shuffle': True, 'drop_factor': 0.1, 'l1_reg': 1e-05, 'nl_o': 9, 'nnl_o': 15, 'nl_u': 4, 'nnl_u': 2}","{'precision_N': 0.946560545764639, 'recall_N': 1.0, 'fscore_N': 0.9725467289719626, 'precision_A': 0.0, 'recall_A': 0.0, 'precision_W': 0.8959768667982512, 'recall_W': 0.946560545764639, 'fscore_W': 0.9205743625573154, 'err_threshold': 1.0000000000000002, 'n_perc': 100}",13,173.9871438
0.10025370458966677,"{'actv': 'relu', 'batch_size': 16, 'drop_enabled': False, 'epochs': 100, 'loss': 'mae', 'lr': 0.09033404674117412, 'optimizer': 'adam', 'overcomplete': True, 'shuffle': True, 'drop_factor': 0.1, 'l1_reg': 3e-05, 'nl_o': 6, 'nnl_o': 6, 'nl_u': 4, 'nnl_u': 2}","{'precision_N': 0.9446081319976429, 'recall_N': 1.0, 'fscore_N': 0.9715151515151516, 'precision_A': 0.0, 'recall_A': 0.0, 'precision_W': 0.8922845230360763, 'recall_W': 0.9446081319976429, 'fscore_W': 0.9177011124801344, 'err_threshold': 1.0, 'n_perc': 85}",14,86.46483339999986
0.09174230328093025,"{'actv': 'relu', 'batch_size': 64, 'drop_enabled': True, 'epochs': 100, 'loss': 'mae', 'lr': 0.010112097637568014, 'optimizer': 'adam', 'overcomplete': False, 'shuffle': False, 'drop_factor': 0.5, 'nl_o': 3, 'nnl_o': 10, 'nl_u': 4, 'nnl_u': 9}","{'precision_N': 0.9473382942186606, 'recall_N': 1.0, 'fscore_N': 0.9729570840681951, 'precision_A': 0.0, 'recall_A': 0.0, 'precision_W': 0.8974498436931214, 'recall_W': 0.9473382942186606, 'fscore_W': 0.921719504369126, 'err_threshold': 1.0, 'n_perc': 93}",15,38.87079569999992
0.06252956545601289,"{'actv': 'relu', 'batch_size': 32, 'drop_enabled': False, 'epochs': 100, 'loss': 'mae', 'lr': 0.014356869953935062, 'optimizer': 'adam', 'overcomplete': False, 'shuffle': True, 'drop_factor': 0.1, 'nl_o': 3, 'nnl_o': 10, 'nl_u': 3, 'nnl_u': 5}","{'precision_N': 0.9472463768115942, 'recall_N': 1.0, 'fscore_N': 0.9729086037511164, 'precision_A': 1.0, 'recall_A': 0.052083333333333336, 'precision_W': 0.9501737454971936, 'recall_W': 0.9473988439306359, 'fscore_W': 0.9244148029042623, 'err_threshold': 1.0, 'n_perc': 92}",16,67.05874560000007
0.0625551444853281,"{'actv': 'relu', 'batch_size': 32, 'drop_enabled': False, 'epochs': 100, 'loss': 'mae', 'lr': 0.07712169580286617, 'optimizer': 'adam', 'overcomplete': False, 'shuffle': False, 'drop_factor': 0.1, 'nl_o': 3, 'nnl_o': 10, 'nl_u': 8, 'nnl_u': 5}","{'precision_N': 0.9502633118782914, 'recall_N': 1.0, 'fscore_N': 0.9744974497449745, 'precision_A': 1.0, 'recall_A': 0.06593406593406594, 'precision_W': 0.9529024014520963, 'recall_W': 0.9504373177842566, 'fscore_W': 0.9293536969939368, 'err_threshold': 1.0000000000000002, 'n_perc': 100}",17,97.64420300000006
0.09203637665417527,"{'actv': 'relu', 'batch_size': 8, 'drop_enabled': True, 'epochs': 100, 'loss': 'mae', 'lr': 0.02427571868705232, 'optimizer': 'adam', 'overcomplete': True, 'shuffle': False, 'drop_factor': 0.3, 'l1_reg': 2e-05, 'nl_o': 5, 'nnl_o': 13, 'nl_u': 4, 'nnl_u': 2}","{'precision_N': 0.9342560553633218, 'recall_N': 1.0, 'fscore_N': 0.9660107334525938, 'precision_A': 0.0, 'recall_A': 0.0, 'precision_W': 0.8728343769830341, 'recall_W': 0.9342560553633218, 'fscore_W': 0.9025013772740496, 'err_threshold': 1.0, 'n_perc': 93}",18,253.98041839999996
0.10140345804393291,"{'actv': 'relu', 'batch_size': 48, 'drop_enabled': False, 'epochs': 100, 'loss': 'mae', 'lr': 0.027272119804476153, 'optimizer': 'adam', 'overcomplete': True, 'shuffle': False, 'drop_factor': 0.1, 'l1_reg': 3e-05, 'nl_o': 9, 'nnl_o': 9, 'nl_u': 4, 'nnl_u': 2}","{'precision_N': 0.9350797266514806, 'recall_N': 1.0, 'fscore_N': 0.9664508534432018, 'precision_A': 0.0, 'recall_A': 0.0, 'precision_W': 0.8743740951946078, 'recall_W': 0.9350797266514806, 'fscore_W': 0.9037085998597593, 'err_threshold': 1.0, 'n_perc': 85}",19,88.3705316999999
0.09383577839894729,"{'actv': 'relu', 'batch_size': 56, 'drop_enabled': False, 'epochs': 100, 'loss': 'mae', 'lr': 0.01105683052120054, 'optimizer': 'adam', 'overcomplete': True, 'shuffle': False, 'drop_factor': 0.1, 'l1_reg': 3e-05, 'nl_o': 8, 'nnl_o': 11, 'nl_u': 4, 'nnl_u': 2}","{'precision_N': 0.9427083333333334, 'recall_N': 1.0, 'fscore_N': 0.9705093833780161, 'precision_A': 0.0, 'recall_A': 0.0, 'precision_W': 0.8886990017361112, 'recall_W': 0.9427083333333334, 'fscore_W': 0.9149072832886506, 'err_threshold': 1.0, 'n_perc': 92}",20,90.33494269999983
0.04299560055992622,"{'actv': 'relu', 'batch_size': 40, 'drop_enabled': False, 'epochs': 100, 'loss': 'mae', 'lr': 0.014921977354487252, 'optimizer': 'adam', 'overcomplete': False, 'shuffle': True, 'drop_factor': 0.1, 'nl_o': 3, 'nnl_o': 10, 'nl_u': 2, 'nnl_u': 2}","{'precision_N': 0.9354107648725213, 'recall_N': 1.0, 'fscore_N': 0.9666276346604216, 'precision_A': 1.0, 'recall_A': 0.03389830508474576, 'precision_W': 0.9397191479957788, 'recall_W': 0.9355568117580554, 'fscore_W': 0.9065234198656804, 'err_threshold': 1.0, 'n_perc': 86}",21,56.13275040000008
0.04635850588480631,"{'actv': 'relu', 'batch_size': 40, 'drop_enabled': False, 'epochs': 100, 'loss': 'mae', 'lr': 0.01691558013572247, 'optimizer': 'adam', 'overcomplete': False, 'shuffle': True, 'drop_factor': 0.1, 'nl_o': 3, 'nnl_o': 10, 'nl_u': 2, 'nnl_u': 2}","{'precision_N': 0.9338654503990877, 'recall_N': 1.0, 'fscore_N': 0.9658018867924528, 'precision_A': 1.0, 'recall_A': 0.01694915254237288, 'precision_W': 0.9383095716137276, 'recall_W': 0.9339407744874715, 'fscore_W': 0.903141699259323, 'err_threshold': 1.0, 'n_perc': 85}",22,56.04613130000007
0.018703499652874406,"{'actv': 'relu', 'batch_size': 40, 'drop_enabled': False, 'epochs': 100, 'loss': 'mae', 'lr': 0.03724180212997377, 'optimizer': 'adam', 'overcomplete': False, 'shuffle': True, 'drop_factor': 0.1, 'nl_o': 3, 'nnl_o': 10, 'nl_u': 2, 'nnl_u': 2}","{'precision_N': 0.9453614114968697, 'recall_N': 1.0, 'fscore_N': 0.9719133996489175, 'precision_A': 1.0, 'recall_A': 0.010309278350515464, 'precision_W': 0.9483761686554611, 'recall_W': 0.9453924914675768, 'fscore_W': 0.9194128263103452, 'err_threshold': 1.0, 'n_perc': 94}",23,56.23221590000003
0.06238227259988586,"{'actv': 'relu', 'batch_size': 40, 'drop_enabled': False, 'epochs': 100, 'loss': 'mae', 'lr': 0.03643245997457931, 'optimizer': 'adam', 'overcomplete': False, 'shuffle': True, 'drop_factor': 0.1, 'nl_o': 3, 'nnl_o': 10, 'nl_u': 6, 'nnl_u': 2}","{'precision_N': 0.9380022962112514, 'recall_N': 1.0, 'fscore_N': 0.9680094786729857, 'precision_A': 1.0, 'recall_A': 0.05263157894736842, 'precision_W': 0.9420456247192133, 'recall_W': 0.9382151029748284, 'fscore_W': 0.9114001648464867, 'err_threshold': 1.0, 'n_perc': 88}",24,79.91575590000002
0.048779189741055586,"{'actv': 'relu', 'batch_size': 40, 'drop_enabled': False, 'epochs': 100, 'loss': 'mae', 'lr': 0.041024243488942555, 'optimizer': 'adam', 'overcomplete': False, 'shuffle': True, 'drop_factor': 0.1, 'nl_o': 3, 'nnl_o': 10, 'nl_u': 2, 'nnl_u': 3}","{'precision_N': 0.9413472706155633, 'recall_N': 1.0, 'fscore_N': 0.9697876159138499, 'precision_A': 1.0, 'recall_A': 0.06481481481481481, 'precision_W': 0.9450109460195651, 'recall_W': 0.9415847310584152, 'fscore_W': 0.9168152408810336, 'err_threshold': 1.0, 'n_perc': 89}",25,58.24641940000038
0.05664077287279262,"{'actv': 'relu', 'batch_size': 56, 'drop_enabled': False, 'epochs': 100, 'loss': 'mae', 'lr': 0.01755574731487857, 'optimizer': 'adam', 'overcomplete': False, 'shuffle': True, 'drop_factor': 0.1, 'nl_o': 3, 'nnl_o': 10, 'nl_u': 6, 'nnl_u': 3}","{'precision_N': 0.9397101449275362, 'recall_N': 1.0, 'fscore_N': 0.9689181111775254, 'precision_A': 1.0, 'recall_A': 0.028037383177570093, 'precision_W': 0.943443370907139, 'recall_W': 0.9398148148148148, 'fscore_W': 0.9122989709809792, 'err_threshold': 1.0, 'n_perc': 93}",26,66.26627389999976
0.10288975484321772,"{'actv': 'relu', 'batch_size': 40, 'drop_enabled': False, 'epochs': 100, 'loss': 'mae', 'lr': 0.051019143012459744, 'optimizer': 'adam', 'overcomplete': False, 'shuffle': True, 'drop_factor': 0.1, 'nl_o': 3, 'nnl_o': 10, 'nl_u': 10, 'nnl_u': 7}","{'precision_N': 0.9407665505226481, 'recall_N': 1.0, 'fscore_N': 0.9694793536804309, 'precision_A': 0.0, 'recall_A': 0.0, 'precision_W': 0.8850417025822822, 'recall_W': 0.9407665505226481, 'fscore_W': 0.9120537473648653, 'err_threshold': 1.0, 'n_perc': 85}",27,61.545122399999855
0.05178344657733327,"{'actv': 'relu', 'batch_size': 24, 'drop_enabled': False, 'epochs': 100, 'loss': 'mae', 'lr': 0.03351124817561982, 'optimizer': 'adam', 'overcomplete': False, 'shuffle': True, 'drop_factor': 0.1, 'nl_o': 3, 'nnl_o': 10, 'nl_u': 4, 'nnl_u': 3}","{'precision_N': 0.9401330376940134, 'recall_N': 1.0, 'fscore_N': 0.9691428571428572, 'precision_A': 1.0, 'recall_A': 0.01818181818181818, 'precision_W': 0.9437794196727832, 'recall_W': 0.9401993355481728, 'fscore_W': 0.9122895111532985, 'err_threshold': 1.0, 'n_perc': 85}",28,105.28104880000001
0.07213389943903825,"{'actv': 'relu', 'batch_size': 48, 'drop_enabled': False, 'epochs': 100, 'loss': 'mae', 'lr': 0.020324997710757277, 'optimizer': 'adam', 'overcomplete': False, 'shuffle': True, 'drop_factor': 0.1, 'nl_o': 3, 'nnl_o': 10, 'nl_u': 3, 'nnl_u': 7}","{'precision_N': 0.9434389140271493, 'recall_N': 1.0, 'fscore_N': 0.9708963911525029, 'precision_A': 1.0, 'recall_A': 0.009900990099009901, 'precision_W': 0.9466682354987479, 'recall_W': 0.9434708875070661, 'fscore_W': 0.9165831388350694, 'err_threshold': 1.0, 'n_perc': 85}",29,51.069445100000394
0.044233995308349656,"{'actv': 'relu', 'batch_size': 40, 'drop_enabled': False, 'epochs': 100, 'loss': 'mae', 'lr': 0.18944218486245099, 'optimizer': 'adam', 'overcomplete': False, 'shuffle': True, 'drop_factor': 0.1, 'nl_o': 3, 'nnl_o': 10, 'nl_u': 2, 'nnl_u': 2}","{'precision_N': 0.9393063583815029, 'recall_N': 1.0, 'fscore_N': 0.9687034277198212, 'precision_A': 1.0, 'recall_A': 0.0625, 'precision_W': 0.9432198228957641, 'recall_W': 0.9395509499136442, 'fscore_W': 0.9138281753787822, 'err_threshold': 1.0, 'n_perc': 88}",30,61.42472570000018
0.08010622035515935,"{'actv': 'relu', 'batch_size': 56, 'drop_enabled': False, 'epochs': 100, 'loss': 'mae', 'lr': 0.03320622932842546, 'optimizer': 'adam', 'overcomplete': False, 'shuffle': True, 'drop_factor': 0.1, 'nl_o': 3, 'nnl_o': 10, 'nl_u': 5, 'nnl_u': 4}","{'precision_N': 0.9433856502242153, 'recall_N': 1.0, 'fscore_N': 0.9708681857513701, 'precision_A': 1.0, 'recall_A': 0.00980392156862745, 'precision_W': 0.9466207559256886, 'recall_W': 0.9434173669467787, 'fscore_W': 0.9164995737500434, 'err_threshold': 1.0, 'n_perc': 85}",31,56.0189378
0.07309973429549824,"{'actv': 'relu', 'batch_size': 24, 'drop_enabled': False, 'epochs': 100, 'loss': 'mae', 'lr': 0.04812279292260696, 'optimizer': 'adam', 'overcomplete': False, 'shuffle': True, 'drop_factor': 0.1, 'nl_o': 3, 'nnl_o': 10, 'nl_u': 7, 'nnl_u': 4}","{'precision_N': 0.9455072463768116, 'recall_N': 1.0, 'fscore_N': 0.9719904648390942, 'precision_A': 1.0, 'recall_A': 0.04081632653061224, 'precision_W': 0.9485959044769113, 'recall_W': 0.9456333140543667, 'fscore_W': 0.921343390782167, 'err_threshold': 1.0000000000000002, 'n_perc': 100}",32,134.84387259999994
0.09585722844680974,"{'actv': 'relu', 'batch_size': 48, 'drop_enabled': True, 'epochs': 100, 'loss': 'mae', 'lr': 0.013082783710686196, 'optimizer': 'adam', 'overcomplete': False, 'shuffle': True, 'drop_factor': 0.8, 'nl_o': 3, 'nnl_o': 10, 'nl_u': 2, 'nnl_u': 3}","{'precision_N': 0.9430563625798954, 'recall_N': 1.0, 'fscore_N': 0.9706937799043063, 'precision_A': 0.0, 'recall_A': 0.0, 'precision_W': 0.8893553030024232, 'recall_W': 0.9430563625798954, 'fscore_W': 0.9154189452554846, 'err_threshold': 1.0, 'n_perc': 92}",33,39.362509300000056
0.07629777585205279,"{'actv': 'relu', 'batch_size': 32, 'drop_enabled': False, 'epochs': 100, 'loss': 'mae', 'lr': 0.01933616143377541, 'optimizer': 'adam', 'overcomplete': False, 'shuffle': True, 'drop_factor': 0.1, 'nl_o': 3, 'nnl_o': 10, 'nl_u': 10, 'nnl_u': 7}","{'precision_N': 0.945823927765237, 'recall_N': 1.0, 'fscore_N': 0.9721577726218098, 'precision_A': 1.0, 'recall_A': 0.02040816326530612, 'precision_W': 0.9488167434805734, 'recall_W': 0.9458850056369785, 'fscore_W': 0.9206631493315407, 'err_threshold': 1.0, 'n_perc': 91}",34,125.0522060000003
0.06885794131085277,"{'actv': 'relu', 'batch_size': 40, 'drop_enabled': False, 'epochs': 100, 'loss': 'mae', 'lr': 0.06570512527380826, 'optimizer': 'adam', 'overcomplete': False, 'shuffle': True, 'drop_factor': 0.1, 'nl_o': 3, 'nnl_o': 10, 'nl_u': 5, 'nnl_u': 4}","{'precision_N': 0.9528795811518325, 'recall_N': 1.0, 'fscore_N': 0.9758713136729222, 'precision_A': 1.0, 'recall_A': 0.047058823529411764, 'precision_W': 0.9552041520178186, 'recall_W': 0.9529889727219966, 'fscore_W': 0.932163471407109, 'err_threshold': 1.0, 'n_perc': 85}",35,81.98568120000027
0.041646292467185785,"{'actv': 'relu', 'batch_size': 64, 'drop_enabled': False, 'epochs': 100, 'loss': 'mae', 'lr': 0.04208415145868681, 'optimizer': 'adam', 'overcomplete': False, 'shuffle': True, 'drop_factor': 0.1, 'nl_o': 3, 'nnl_o': 10, 'nl_u': 3, 'nnl_u': 2}","{'precision_N': 0.9426934097421203, 'recall_N': 1.0, 'fscore_N': 0.9705014749262536, 'precision_A': 1.0, 'recall_A': 0.0196078431372549, 'precision_W': 0.9460393011023399, 'recall_W': 0.9427590154550658, 'fscore_W': 0.9160835736558467, 'err_threshold': 1.0, 'n_perc': 89}",36,55.95071749999988
0.09478723651541329,"{'actv': 'relu', 'batch_size': 64, 'drop_enabled': True, 'epochs': 100, 'loss': 'mae', 'lr': 0.042040417927585665, 'optimizer': 'adam', 'overcomplete': False, 'shuffle': True, 'drop_factor': 0.9, 'nl_o': 3, 'nnl_o': 10, 'nl_u': 3, 'nnl_u': 6}","{'precision_N': 0.9466588511137163, 'recall_N': 1.0, 'fscore_N': 0.9725986148750377, 'precision_A': 0.0, 'recall_A': 0.0, 'precision_W': 0.8961629803919412, 'recall_W': 0.9466588511137163, 'fscore_W': 0.9207190873523949, 'err_threshold': 1.0, 'n_perc': 93}",37,43.324096499999996
0.08445555761967612,"{'actv': 'relu', 'batch_size': 64, 'drop_enabled': False, 'epochs': 100, 'loss': 'mae', 'lr': 0.05743808687154604, 'optimizer': 'adam', 'overcomplete': False, 'shuffle': True, 'drop_factor': 0.1, 'nl_o': 3, 'nnl_o': 10, 'nl_u': 5, 'nnl_u': 8}","{'precision_N': 0.9334811529933481, 'recall_N': 1.0, 'fscore_N': 0.9655963302752293, 'precision_A': 1.0, 'recall_A': 0.008264462809917356, 'precision_W': 0.937940311158337, 'recall_W': 0.9335180055401662, 'fscore_W': 0.9019655549810877, 'err_threshold': 1.0000000000000002, 'n_perc': 97}",38,55.66835600000013
0.07028447036680423,"{'actv': 'relu', 'batch_size': 56, 'drop_enabled': False, 'epochs': 100, 'loss': 'mae', 'lr': 0.12120455032529501, 'optimizer': 'adam', 'overcomplete': False, 'shuffle': True, 'drop_factor': 0.1, 'nl_o': 3, 'nnl_o': 10, 'nl_u': 4, 'nnl_u': 3}","{'precision_N': 0.9431946006749157, 'recall_N': 1.0, 'fscore_N': 0.9707670043415341, 'precision_A': 1.0, 'recall_A': 0.019417475728155338, 'precision_W': 0.9464816546808055, 'recall_W': 0.9432584269662921, 'fscore_W': 0.9167977953958215, 'err_threshold': 1.0, 'n_perc': 85}",39,57.072247799999786
0.09280118257194371,"{'actv': 'relu', 'batch_size': 64, 'drop_enabled': True, 'epochs': 100, 'loss': 'mae', 'lr': 0.07365148530217192, 'optimizer': 'adam', 'overcomplete': False, 'shuffle': True, 'drop_factor': 0.7, 'nl_o': 3, 'nnl_o': 10, 'nl_u': 3, 'nnl_u': 4}","{'precision_N': 0.9426086956521739, 'recall_N': 1.0, 'fscore_N': 0.9704565801253356, 'precision_A': 0.0, 'recall_A': 0.0, 'precision_W': 0.8885111531190926, 'recall_W': 0.9426086956521739, 'fscore_W': 0.9147608111790121, 'err_threshold': 1.0, 'n_perc': 92}",40,44.70088840000017
0.060668556740531676,"{'actv': 'relu', 'batch_size': 24, 'drop_enabled': False, 'epochs': 100, 'loss': 'mae', 'lr': 0.02851286172712158, 'optimizer': 'adam', 'overcomplete': False, 'shuffle': True, 'drop_factor': 0.1, 'nl_o': 3, 'nnl_o': 10, 'nl_u': 9, 'nnl_u': 2}","{'precision_N': 0.9475524475524476, 'recall_N': 1.0, 'fscore_N': 0.9730700179533215, 'precision_A': 1.0, 'recall_A': 0.0425531914893617, 'precision_W': 0.9504187672792325, 'recall_W': 0.9476744186046512, 'fscore_W': 0.924351929406893, 'err_threshold': 1.0, 'n_perc': 92}",41,161.00585309999997
0.07569448929280043,"{'actv': 'relu', 'batch_size': 16, 'drop_enabled': False, 'epochs': 100, 'loss': 'mae', 'lr': 0.05191286048563054, 'optimizer': 'adam', 'overcomplete': False, 'shuffle': True, 'drop_factor': 0.1, 'nl_o': 3, 'nnl_o': 10, 'nl_u': 7, 'nnl_u': 10}","{'precision_N': 0.9306029579067122, 'recall_N': 1.0, 'fscore_N': 0.9640542133176194, 'precision_A': 1.0, 'recall_A': 0.008130081300813009, 'precision_W': 0.9354556220212514, 'recall_W': 0.9306424104604889, 'fscore_W': 0.8977695076494413, 'err_threshold': 1.0540467500686646, 'n_perc': 100}",42,168.16846669999995
0.0920941443182528,"{'actv': 'relu', 'batch_size': 8, 'drop_enabled': True, 'epochs': 100, 'loss': 'mae', 'lr': 0.09427913704673044, 'optimizer': 'adam', 'overcomplete': False, 'shuffle': True, 'drop_factor': 0.7, 'nl_o': 3, 'nnl_o': 10, 'nl_u': 5, 'nnl_u': 6}","{'precision_N': 0.9329545454545455, 'recall_N': 1.0, 'fscore_N': 0.9653145208700764, 'precision_A': 0.0, 'recall_A': 0.0, 'precision_W': 0.8704041838842975, 'recall_W': 0.9329545454545455, 'fscore_W': 0.9005945700390144, 'err_threshold': 1.0, 'n_perc': 93}",43,129.56570470000042
0.04845224877237648,"{'actv': 'relu', 'batch_size': 56, 'drop_enabled': False, 'epochs': 100, 'loss': 'mae', 'lr': 0.03912540954432675, 'optimizer': 'adam', 'overcomplete': False, 'shuffle': True, 'drop_factor': 0.1, 'nl_o': 3, 'nnl_o': 10, 'nl_u': 4, 'nnl_u': 3}","{'precision_N': 0.945042492917847, 'recall_N': 1.0, 'fscore_N': 0.9717448295951063, 'precision_A': 1.0, 'recall_A': 0.020202020202020204, 'precision_W': 0.9481216062178658, 'recall_W': 0.9451046972269384, 'fscore_W': 0.9195196196060246, 'err_threshold': 1.0, 'n_perc': 89}",44,73.11801629999991
0.093153091147542,"{'actv': 'relu', 'batch_size': 48, 'drop_enabled': False, 'epochs': 100, 'loss': 'mae', 'lr': 0.02252945804127562, 'optimizer': 'adam', 'overcomplete': True, 'shuffle': True, 'drop_factor': 0.1, 'l1_reg': 2e-05, 'nl_o': 3, 'nnl_o': 7, 'nl_u': 4, 'nnl_u': 2}","{'precision_N': 0.9468208092485549, 'recall_N': 1.0, 'fscore_N': 0.9726840855106887, 'precision_A': 0.0, 'recall_A': 0.0, 'precision_W': 0.8964696448260884, 'recall_W': 0.9468208092485549, 'fscore_W': 0.9209575329864209, 'err_threshold': 1.0, 'n_perc': 93}",45,58.75147309999966
0.09090775408959575,"{'actv': 'relu', 'batch_size': 16, 'drop_enabled': True, 'epochs': 100, 'loss': 'mae', 'lr': 0.02863570538529153, 'optimizer': 'adam', 'overcomplete': False, 'shuffle': True, 'drop_factor': 0.6, 'nl_o': 3, 'nnl_o': 10, 'nl_u': 3, 'nnl_u': 4}","{'precision_N': 0.9365079365079365, 'recall_N': 1.0, 'fscore_N': 0.9672131147540983, 'precision_A': 0.0, 'recall_A': 0.0, 'precision_W': 0.8770471151423532, 'recall_W': 0.9365079365079365, 'fscore_W': 0.9058027582617746, 'err_threshold': 1.0, 'n_perc': 93}",46,71.60848530000021
0.02808218192874761,"{'actv': 'relu', 'batch_size': 32, 'drop_enabled': False, 'epochs': 100, 'loss': 'mae', 'lr': 0.1375363532073327, 'optimizer': 'adam', 'overcomplete': False, 'shuffle': False, 'drop_factor': 0.1, 'nl_o': 3, 'nnl_o': 10, 'nl_u': 2, 'nnl_u': 2}","{'precision_N': 0.9383135257498585, 'recall_N': 1.0, 'fscore_N': 0.9681751824817518, 'precision_A': 1.0, 'recall_A': 0.0603448275862069, 'precision_W': 0.942347139624163, 'recall_W': 0.9385569334836528, 'fscore_W': 0.9123098672983455, 'err_threshold': 1.0, 'n_perc': 93}",47,85.2977621
0.02334794679799149,"{'actv': 'relu', 'batch_size': 32, 'drop_enabled': False, 'epochs': 100, 'loss': 'mae', 'lr': 0.13530151531639106, 'optimizer': 'adam', 'overcomplete': True, 'shuffle': False, 'drop_factor': 0.1, 'l1_reg': 1e-05, 'nl_o': 2, 'nnl_o': 13, 'nl_u': 4, 'nnl_u': 2}","{'precision_N': 0.9392080312325711, 'recall_N': 1.0, 'fscore_N': 0.9686511360368134, 'precision_A': 1.0, 'recall_A': 0.035398230088495575, 'precision_W': 0.9430307871984696, 'recall_W': 0.9393433500278241, 'fscore_W': 0.9120395151989367, 'err_threshold': 1.0, 'n_perc': 93}",48,107.3800670999999
0.021638043475737844,"{'actv': 'relu', 'batch_size': 32, 'drop_enabled': True, 'epochs': 100, 'loss': 'mae', 'lr': 0.19396747310356213, 'optimizer': 'adam', 'overcomplete': True, 'shuffle': False, 'drop_factor': 0.1, 'l1_reg': 1e-05, 'nl_o': 2, 'nnl_o': 13, 'nl_u': 4, 'nnl_u': 2}","{'precision_N': 0.9376083188908145, 'recall_N': 1.0, 'fscore_N': 0.9677996422182468, 'precision_A': 1.0, 'recall_A': 0.02702702702702703, 'precision_W': 0.9416022500344822, 'recall_W': 0.9377162629757786, 'fscore_W': 0.9092162194829138, 'err_threshold': 1.0, 'n_perc': 93}",49,114.25527469999997
0.04771755662138068,"{'actv': 'relu', 'batch_size': 24, 'drop_enabled': True, 'epochs': 100, 'loss': 'mae', 'lr': 0.19728048984304677, 'optimizer': 'adam', 'overcomplete': True, 'shuffle': False, 'drop_factor': 0.1, 'l1_reg': 1e-05, 'nl_o': 3, 'nnl_o': 14, 'nl_u': 4, 'nnl_u': 2}","{'precision_N': 0.932998324958124, 'recall_N': 1.0, 'fscore_N': 0.9653379549393414, 'precision_A': 0.0, 'recall_A': 0.0, 'precision_W': 0.8704858743746651, 'recall_W': 0.932998324958124, 'fscore_W': 0.9006586949769064, 'err_threshold': 1.0, 'n_perc': 93}",50,171.90091610000036
0.02560788306227217,"{'actv': 'relu', 'batch_size': 32, 'drop_enabled': True, 'epochs': 100, 'loss': 'mae', 'lr': 0.17915766905374103, 'optimizer': 'adam', 'overcomplete': True, 'shuffle': False, 'drop_factor': 0.1, 'l1_reg': 1e-05, 'nl_o': 2, 'nnl_o': 7, 'nl_u': 4, 'nnl_u': 2}","{'precision_N': 0.9377123442808607, 'recall_N': 1.0, 'fscore_N': 0.9678550555230859, 'precision_A': 1.0, 'recall_A': 0.009009009009009009, 'precision_W': 0.94162515117663, 'recall_W': 0.9377475947934352, 'fscore_W': 0.9081777672910997, 'err_threshold': 1.0, 'n_perc': 93}",51,102.47474340000008
0.0905878571793437,"{'actv': 'relu', 'batch_size': 24, 'drop_enabled': True, 'epochs': 100, 'loss': 'mae', 'lr': 0.09206171078711588, 'optimizer': 'adam', 'overcomplete': True, 'shuffle': False, 'drop_factor': 0.4, 'l1_reg': 2e-05, 'nl_o': 4, 'nnl_o': 8, 'nl_u': 4, 'nnl_u': 2}","{'precision_N': 0.9424626006904487, 'recall_N': 1.0, 'fscore_N': 0.9703791469194312, 'precision_A': 0.0, 'recall_A': 0.0, 'precision_W': 0.8882357537002044, 'recall_W': 0.9424626006904487, 'fscore_W': 0.9145460544614662, 'err_threshold': 1.0, 'n_perc': 93}",52,99.79142739999952
0.06450658563583617,"{'actv': 'relu', 'batch_size': 48, 'drop_enabled': True, 'epochs': 100, 'loss': 'mae', 'lr': 0.11171736911682799, 'optimizer': 'adam', 'overcomplete': True, 'shuffle': False, 'drop_factor': 0.1, 'l1_reg': 1e-05, 'nl_o': 3, 'nnl_o': 12, 'nl_u': 4, 'nnl_u': 2}","{'precision_N': 0.943364797334814, 'recall_N': 1.0, 'fscore_N': 0.9708571428571429, 'precision_A': 1.0, 'recall_A': 0.019230769230769232, 'precision_W': 0.9466316088030222, 'recall_W': 0.9434276206322796, 'fscore_W': 0.9170331747177884, 'err_threshold': 1.0, 'n_perc': 92}",53,98.06791459999931
0.09192731235321466,"{'actv': 'relu', 'batch_size': 16, 'drop_enabled': True, 'epochs': 100, 'loss': 'mae', 'lr': 0.17543886957813815, 'optimizer': 'adam', 'overcomplete': True, 'shuffle': False, 'drop_factor': 0.4, 'l1_reg': 2e-05, 'nl_o': 4, 'nnl_o': 5, 'nl_u': 4, 'nnl_u': 2}","{'precision_N': 0.9382573571840739, 'recall_N': 1.0, 'fscore_N': 0.9681452813337302, 'precision_A': 0.0, 'recall_A': 0.0, 'precision_W': 0.8803268683100428, 'recall_W': 0.9382573571840739, 'fscore_W': 0.9083694330344173, 'err_threshold': 1.0, 'n_perc': 93}",54,126.74982629999977
0.09314085398014489,"{'actv': 'relu', 'batch_size': 32, 'drop_enabled': True, 'epochs': 100, 'loss': 'mae', 'lr': 0.06704767223205116, 'optimizer': 'adam', 'overcomplete': True, 'shuffle': False, 'drop_factor': 0.2, 'l1_reg': 1e-05, 'nl_o': 4, 'nnl_o': 14, 'nl_u': 4, 'nnl_u': 2}","{'precision_N': 0.9420625724217845, 'recall_N': 1.0, 'fscore_N': 0.9701670644391408, 'precision_A': 0.0, 'recall_A': 0.0, 'precision_W': 0.8874818903579499, 'recall_W': 0.9420625724217845, 'fscore_W': 0.913958080404428, 'err_threshold': 1.0, 'n_perc': 92}",55,99.39823809999962
0.091815067266489,"{'actv': 'relu', 'batch_size': 24, 'drop_enabled': True, 'epochs': 100, 'loss': 'mae', 'lr': 0.08170159232489517, 'optimizer': 'adam', 'overcomplete': True, 'shuffle': False, 'drop_factor': 0.9, 'l1_reg': 1e-05, 'nl_o': 2, 'nnl_o': 14, 'nl_u': 4, 'nnl_u': 2}","{'precision_N': 0.9405311778290993, 'recall_N': 1.0, 'fscore_N': 0.9693543588217792, 'precision_A': 0.0, 'recall_A': 0.0, 'precision_W': 0.8845988964685928, 'recall_W': 0.9405311778290993, 'fscore_W': 0.9117079968364195, 'err_threshold': 1.0, 'n_perc': 93}",56,73.92901679999977
0.09115205632811144,"{'actv': 'relu', 'batch_size': 40, 'drop_enabled': True, 'epochs': 100, 'loss': 'mae', 'lr': 0.03263488416642852, 'optimizer': 'adam', 'overcomplete': True, 'shuffle': False, 'drop_factor': 0.6, 'l1_reg': 2e-05, 'nl_o': 10, 'nnl_o': 12, 'nl_u': 4, 'nnl_u': 2}","{'precision_N': 0.9424054206662902, 'recall_N': 1.0, 'fscore_N': 0.9703488372093023, 'precision_A': 0.0, 'recall_A': 0.0, 'precision_W': 0.8881279769012074, 'recall_W': 0.9424054206662902, 'fscore_W': 0.9144620041232782, 'err_threshold': 1.0, 'n_perc': 93}",57,124.45976770000016
0.09293823208039005,"{'actv': 'relu', 'batch_size': 8, 'drop_enabled': True, 'epochs': 100, 'loss': 'mae', 'lr': 0.023523837377068018, 'optimizer': 'adam', 'overcomplete': True, 'shuffle': False, 'drop_factor': 0.4, 'l1_reg': 1e-05, 'nl_o': 5, 'nnl_o': 9, 'nl_u': 4, 'nnl_u': 2}","{'precision_N': 0.9425947187141217, 'recall_N': 1.0, 'fscore_N': 0.9704491725768322, 'precision_A': 0.0, 'recall_A': 0.0, 'precision_W': 0.8884848037477542, 'recall_W': 0.9425947187141217, 'fscore_W': 0.9147402648514112, 'err_threshold': 1.0, 'n_perc': 93}",58,245.89184429999932
0.09009867694817092,"{'actv': 'relu', 'batch_size': 48, 'drop_enabled': True, 'epochs': 100, 'loss': 'mae', 'lr': 0.1621764572303857, 'optimizer': 'adam', 'overcomplete': True, 'shuffle': False, 'drop_factor': 0.6, 'l1_reg': 2e-05, 'nl_o': 3, 'nnl_o': 12, 'nl_u': 4, 'nnl_u': 2}","{'precision_N': 0.942296918767507, 'recall_N': 1.0, 'fscore_N': 0.9702913181424863, 'precision_A': 0.0, 'recall_A': 0.0, 'precision_W': 0.8879234831187377, 'recall_W': 0.942296918767507, 'fscore_W': 0.9143025193925277, 'err_threshold': 1.0, 'n_perc': 93}",59,71.75422090000029
0.09185825156138917,"{'actv': 'relu', 'batch_size': 32, 'drop_enabled': True, 'epochs': 100, 'loss': 'mae', 'lr': 0.055690251193460195, 'optimizer': 'adam', 'overcomplete': True, 'shuffle': False, 'drop_factor': 0.2, 'l1_reg': 2e-05, 'nl_o': 7, 'nnl_o': 8, 'nl_u': 4, 'nnl_u': 2}","{'precision_N': 0.9441805225653207, 'recall_N': 1.0, 'fscore_N': 0.97128894318876, 'precision_A': 0.0, 'recall_A': 0.0, 'precision_W': 0.891476859191722, 'recall_W': 0.9441805225653207, 'fscore_W': 0.9170721019418814, 'err_threshold': 1.0, 'n_perc': 93}",60,124.04704750000019
0.0912367096170783,"{'actv': 'relu', 'batch_size': 40, 'drop_enabled': True, 'epochs': 100, 'loss': 'mae', 'lr': 0.044973537353892756, 'optimizer': 'adam', 'overcomplete': True, 'shuffle': False, 'drop_factor': 0.8, 'l1_reg': 1e-05, 'nl_o': 4, 'nnl_o': 15, 'nl_u': 4, 'nnl_u': 2}","{'precision_N': 0.9420539300057372, 'recall_N': 1.0, 'fscore_N': 0.970162481536189, 'precision_A': 0.0, 'recall_A': 0.0, 'precision_W': 0.8874656070392545, 'recall_W': 0.9420539300057372, 'fscore_W': 0.9139453784752853, 'err_threshold': 1.0, 'n_perc': 93}",61,85.51264160000028
0.09287180192768574,"{'actv': 'relu', 'batch_size': 48, 'drop_enabled': True, 'epochs': 100, 'loss': 'mae', 'lr': 0.10084152408970443, 'optimizer': 'adam', 'overcomplete': True, 'shuffle': False, 'drop_factor': 0.1, 'l1_reg': 1e-05, 'nl_o': 8, 'nnl_o': 10, 'nl_u': 4, 'nnl_u': 2}","{'precision_N': 0.937070938215103, 'recall_N': 1.0, 'fscore_N': 0.96751329001772, 'precision_A': 0.0, 'recall_A': 0.0, 'precision_W': 0.8781019432473334, 'recall_W': 0.937070938215103, 'fscore_W': 0.906628586412486, 'err_threshold': 1.0, 'n_perc': 93}",62,95.7947420999999
0.09367842823266984,"{'actv': 'relu', 'batch_size': 24, 'drop_enabled': True, 'epochs': 100, 'loss': 'mae', 'lr': 0.0367892815306509, 'optimizer': 'adam', 'overcomplete': True, 'shuffle': False, 'drop_factor': 0.2, 'l1_reg': 2e-05, 'nl_o': 7, 'nnl_o': 8, 'nl_u': 4, 'nnl_u': 2}","{'precision_N': 0.9444444444444444, 'recall_N': 1.0, 'fscore_N': 0.9714285714285714, 'precision_A': 0.0, 'recall_A': 0.0, 'precision_W': 0.8919753086419753, 'recall_W': 0.9444444444444444, 'fscore_W': 0.9174603174603174, 'err_threshold': 1.0, 'n_perc': 93}",63,131.17683099999977
0.09079924208207393,"{'actv': 'relu', 'batch_size': 32, 'drop_enabled': True, 'epochs': 100, 'loss': 'mae', 'lr': 0.013078121083414761, 'optimizer': 'adam', 'overcomplete': True, 'shuffle': False, 'drop_factor': 0.4, 'l1_reg': 3e-05, 'nl_o': 10, 'nnl_o': 5, 'nl_u': 4, 'nnl_u': 2}","{'precision_N': 0.9429378531073447, 'recall_N': 1.0, 'fscore_N': 0.9706309973829602, 'precision_A': 0.0, 'recall_A': 0.0, 'precision_W': 0.8891317948226882, 'recall_W': 0.9429378531073447, 'fscore_W': 0.9152447088317291, 'err_threshold': 1.0, 'n_perc': 93}",64,112.60735019999993
0.0903950837192111,"{'actv': 'relu', 'batch_size': 40, 'drop_enabled': True, 'epochs': 100, 'loss': 'mae', 'lr': 0.06598301690162268, 'optimizer': 'adam', 'overcomplete': True, 'shuffle': False, 'drop_factor': 0.7, 'l1_reg': 1e-05, 'nl_o': 5, 'nnl_o': 13, 'nl_u': 4, 'nnl_u': 2}","{'precision_N': 0.9282913165266107, 'recall_N': 1.0, 'fscore_N': 0.9628123184195235, 'precision_A': 0.0, 'recall_A': 0.0, 'precision_W': 0.861724768338708, 'recall_W': 0.9282913165266107, 'fscore_W': 0.8937703146336977, 'err_threshold': 1.0, 'n_perc': 93}",65,102.62119540000003
0.021930920266529288,"{'actv': 'relu', 'batch_size': 32, 'drop_enabled': False, 'epochs': 100, 'loss': 'mae', 'lr': 0.12824413418225644, 'optimizer': 'adam', 'overcomplete': True, 'shuffle': False, 'drop_factor': 0.1, 'l1_reg': 1e-05, 'nl_o': 2, 'nnl_o': 14, 'nl_u': 4, 'nnl_u': 2}","{'precision_N': 0.9859249329758714, 'recall_N': 0.8931390406800243, 'fscore_N': 0.9372411596049697, 'precision_A': 0.35294117647058826, 'recall_A': 0.8205128205128205, 'precision_W': 0.94394131647297, 'recall_W': 0.8883219954648526, 'fscore_W': 0.90781420739729, 'err_threshold': 0.6666666666666666, 'n_perc': 87}",66,127.89476659999946
0.02441349908670209,"{'actv': 'relu', 'batch_size': 32, 'drop_enabled': False, 'epochs': 100, 'loss': 'mae', 'lr': 0.15389624729841714, 'optimizer': 'adam', 'overcomplete': True, 'shuffle': False, 'drop_factor': 0.1, 'l1_reg': 1e-05, 'nl_o': 2, 'nnl_o': 14, 'nl_u': 4, 'nnl_u': 2}","{'precision_N': 0.943606923506421, 'recall_N': 1.0, 'fscore_N': 0.9709853490376328, 'precision_A': 1.0, 'recall_A': 0.00980392156862745, 'precision_W': 0.946816797280051, 'recall_W': 0.9436383928571429, 'fscore_W': 0.9168224455345263, 'err_threshold': 1.0, 'n_perc': 93}",67,127.68854289999945
0.05382078525084288,"{'actv': 'relu', 'batch_size': 40, 'drop_enabled': False, 'epochs': 100, 'loss': 'mae', 'lr': 0.11730310125747798, 'optimizer': 'adam', 'overcomplete': True, 'shuffle': False, 'drop_factor': 0.1, 'l1_reg': 1e-05, 'nl_o': 3, 'nnl_o': 15, 'nl_u': 4, 'nnl_u': 2}","{'precision_N': 0.9348327566320646, 'recall_N': 1.0, 'fscore_N': 0.9663189269746646, 'precision_A': 1.0, 'recall_A': 0.017391304347826087, 'precision_W': 0.9391497111178437, 'recall_W': 0.9349078341013825, 'fscore_W': 0.9045706247451356, 'err_threshold': 1.0, 'n_perc': 92}",68,128.91069909999987
0.019117651271976923,"{'actv': 'relu', 'batch_size': 24, 'drop_enabled': False, 'epochs': 100, 'loss': 'mae', 'lr': 0.08238302321374452, 'optimizer': 'adam', 'overcomplete': True, 'shuffle': False, 'drop_factor': 0.1, 'l1_reg': 1e-05, 'nl_o': 2, 'nnl_o': 12, 'nl_u': 4, 'nnl_u': 2}","{'precision_N': 0.9894806048652203, 'recall_N': 0.8947681331747919, 'fscore_N': 0.9397439900093661, 'precision_A': 0.34444444444444444, 'recall_A': 0.8532110091743119, 'precision_W': 0.9502237977821022, 'recall_W': 0.8922389726409827, 'fscore_W': 0.912419204293515, 'err_threshold': 0.6666666666666666, 'n_perc': 88}",69,154.1510644
0.038072078583800066,"{'actv': 'relu', 'batch_size': 24, 'drop_enabled': False, 'epochs': 100, 'loss': 'mae', 'lr': 0.07690030441477241, 'optimizer': 'adam', 'overcomplete': True, 'shuffle': False, 'drop_factor': 0.1, 'l1_reg': 1e-05, 'nl_o': 3, 'nnl_o': 12, 'nl_u': 4, 'nnl_u': 2}","{'precision_N': 0.9409282700421941, 'recall_N': 1.0, 'fscore_N': 0.9695652173913044, 'precision_A': 1.0, 'recall_A': 0.010101010101010102, 'precision_W': 0.9444512226119669, 'recall_W': 0.9409638554216867, 'fscore_W': 0.9129345206914615, 'err_threshold': 1.0, 'n_perc': 93}",70,175.45132290000038
0.05198169087893084,"{'actv': 'relu', 'batch_size': 16, 'drop_enabled': False, 'epochs': 100, 'loss': 'mae', 'lr': 0.030721054825170773, 'optimizer': 'adam', 'overcomplete': True, 'shuffle': False, 'drop_factor': 0.1, 'l1_reg': 1e-05, 'nl_o': 4, 'nnl_o': 11, 'nl_u': 4, 'nnl_u': 2}","{'precision_N': 0.9422321929332585, 'recall_N': 1.0, 'fscore_N': 0.9702570025989027, 'precision_A': 1.0, 'recall_A': 0.01904761904761905, 'precision_W': 0.9456302992313022, 'recall_W': 0.942296918767507, 'fscore_W': 0.9153820717148551, 'err_threshold': 1.0, 'n_perc': 93}",71,260.9619923
0.027239483521145007,"{'actv': 'relu', 'batch_size': 24, 'drop_enabled': False, 'epochs': 100, 'loss': 'mae', 'lr': 0.0837071881449671, 'optimizer': 'adam', 'overcomplete': True, 'shuffle': False, 'drop_factor': 0.1, 'l1_reg': 1e-05, 'nl_o': 2, 'nnl_o': 10, 'nl_u': 4, 'nnl_u': 2}","{'precision_N': 0.9446834665027658, 'recall_N': 1.0, 'fscore_N': 0.9715549936788875, 'precision_A': 1.0, 'recall_A': 0.01098901098901099, 'precision_W': 0.9477754840385448, 'recall_W': 0.9447174447174447, 'fscore_W': 0.9184633207334247, 'err_threshold': 1.0, 'n_perc': 93}",72,155.37188650000007
0.06352306518268276,"{'actv': 'relu', 'batch_size': 8, 'drop_enabled': False, 'epochs': 100, 'loss': 'mae', 'lr': 0.07039273576622461, 'optimizer': 'adam', 'overcomplete': True, 'shuffle': False, 'drop_factor': 0.1, 'l1_reg': 1e-05, 'nl_o': 5, 'nnl_o': 12, 'nl_u': 4, 'nnl_u': 2}","{'precision_N': 0.9475218658892128, 'recall_N': 1.0, 'fscore_N': 0.9730538922155688, 'precision_A': 1.0, 'recall_A': 0.03225806451612903, 'precision_W': 0.9503626496332777, 'recall_W': 0.9476135040745053, 'fscore_W': 0.923763140192258, 'err_threshold': 1.0000000000000002, 'n_perc': 100}",73,499.6829631999999
0.09849615856110272,"{'actv': 'relu', 'batch_size': 16, 'drop_enabled': False, 'epochs': 100, 'loss': 'mae', 'lr': 0.10306033228144228, 'optimizer': 'adam', 'overcomplete': True, 'shuffle': False, 'drop_factor': 0.1, 'l1_reg': 1e-05, 'nl_o': 6, 'nnl_o': 13, 'nl_u': 4, 'nnl_u': 2}","{'precision_N': 0.9344262295081968, 'recall_N': 1.0, 'fscore_N': 0.9661016949152543, 'precision_A': 0.0, 'recall_A': 0.0, 'precision_W': 0.8731523783929052, 'recall_W': 0.9344262295081968, 'fscore_W': 0.9027507641011392, 'err_threshold': 1.0, 'n_perc': 89}",74,161.73325190000014
0.060328698166065814,"{'actv': 'relu', 'batch_size': 32, 'drop_enabled': False, 'epochs': 100, 'loss': 'mae', 'lr': 0.061392745518562566, 'optimizer': 'adam', 'overcomplete': True, 'shuffle': True, 'drop_factor': 0.1, 'l1_reg': 2e-05, 'nl_o': 3, 'nnl_o': 11, 'nl_u': 4, 'nnl_u': 2}","{'precision_N': 0.9430523917995444, 'recall_N': 1.0, 'fscore_N': 0.9706916764361079, 'precision_A': 1.0, 'recall_A': 0.009900990099009901, 'precision_W': 0.9463259879453874, 'recall_W': 0.9430848036425725, 'fscore_W': 0.9160192420802831, 'err_threshold': 1.0000000000000002, 'n_perc': 100}",75,147.03276729999925
0.09583217604085803,"{'actv': 'relu', 'batch_size': 24, 'drop_enabled': False, 'epochs': 100, 'loss': 'mae', 'lr': 0.025856784409355103, 'optimizer': 'adam', 'overcomplete': False, 'shuffle': False, 'drop_factor': 0.1, 'nl_o': 3, 'nnl_o': 10, 'nl_u': 7, 'nnl_u': 9}","{'precision_N': 0.9434506635891518, 'recall_N': 1.0, 'fscore_N': 0.9709026128266033, 'precision_A': 0.0, 'recall_A': 0.0, 'precision_W': 0.8900991546268109, 'recall_W': 0.9434506635891518, 'fscore_W': 0.9159987143517001, 'err_threshold': 1.0, 'n_perc': 85}",76,123.06895120000081
0.09691461656863491,"{'actv': 'relu', 'batch_size': 40, 'drop_enabled': False, 'epochs': 100, 'loss': 'mae', 'lr': 0.049594310347025064, 'optimizer': 'adam', 'overcomplete': False, 'shuffle': True, 'drop_factor': 0.1, 'nl_o': 3, 'nnl_o': 10, 'nl_u': 9, 'nnl_u': 10}","{'precision_N': 0.9511911679256246, 'recall_N': 1.0, 'fscore_N': 0.9749851101846337, 'precision_A': 1.0, 'recall_A': 0.034482758620689655, 'precision_W': 0.9536542586393546, 'recall_W': 0.951276102088167, 'fscore_W': 0.9291476945314648, 'err_threshold': 1.0, 'n_perc': 85}",77,147.73069320000104
0.020659217006455625,"{'actv': 'relu', 'batch_size': 16, 'drop_enabled': False, 'epochs': 100, 'loss': 'mae', 'lr': 0.020272456681073366, 'optimizer': 'adam', 'overcomplete': True, 'shuffle': False, 'drop_factor': 0.1, 'l1_reg': 1e-05, 'nl_o': 2, 'nnl_o': 11, 'nl_u': 4, 'nnl_u': 2}","{'precision_N': 0.946067415730337, 'recall_N': 1.0, 'fscore_N': 0.9722863741339491, 'precision_A': 1.0, 'recall_A': 0.058823529411764705, 'precision_W': 0.9491475521219975, 'recall_W': 0.9462486002239642, 'fscore_W': 0.9231039123039774, 'err_threshold': 1.0, 'n_perc': 93}",78,219.6342208999995
0.07922441600906141,"{'actv': 'relu', 'batch_size': 16, 'drop_enabled': False, 'epochs': 100, 'loss': 'mae', 'lr': 0.02120358183820982, 'optimizer': 'adam', 'overcomplete': False, 'shuffle': True, 'drop_factor': 0.1, 'nl_o': 3, 'nnl_o': 10, 'nl_u': 8, 'nnl_u': 8}","{'precision_N': 0.9414862492685782, 'recall_N': 1.0, 'fscore_N': 0.9698613622664256, 'precision_A': 1.0, 'recall_A': 0.02912621359223301, 'precision_W': 0.9450066443184242, 'recall_W': 0.9415887850467289, 'fscore_W': 0.9149165423866379, 'err_threshold': 1.0000000000000002, 'n_perc': 100}",79,215.3366143000003
0.09932899288833141,"{'actv': 'relu', 'batch_size': 16, 'drop_enabled': False, 'epochs': 100, 'loss': 'mae', 'lr': 0.011875992904561743, 'optimizer': 'adam', 'overcomplete': True, 'shuffle': False, 'drop_factor': 0.1, 'l1_reg': 3e-05, 'nl_o': 4, 'nnl_o': 9, 'nl_u': 4, 'nnl_u': 2}","{'precision_N': 0.9393245563823698, 'recall_N': 1.0, 'fscore_N': 0.9687131050767415, 'precision_A': 0.0, 'recall_A': 0.0, 'precision_W': 0.8823306222229358, 'recall_W': 0.9393245563823698, 'fscore_W': 0.9099360076879981, 'err_threshold': 1.0, 'n_perc': 85}",80,148.79770739999913
0.07841326304172215,"{'actv': 'relu', 'batch_size': 8, 'drop_enabled': False, 'epochs': 100, 'loss': 'mae', 'lr': 0.0156327132783986, 'optimizer': 'adam', 'overcomplete': False, 'shuffle': True, 'drop_factor': 0.1, 'nl_o': 3, 'nnl_o': 10, 'nl_u': 6, 'nnl_u': 5}","{'precision_N': 0.9404494382022472, 'recall_N': 1.0, 'fscore_N': 0.9693109438332369, 'precision_A': 0.0, 'recall_A': 0.0, 'precision_W': 0.8844451458149224, 'recall_W': 0.9404494382022472, 'fscore_W': 0.9115879325712577, 'err_threshold': 1.0, 'n_perc': 85}",81,319.5879891000004
0.09860220023741324,"{'actv': 'relu', 'batch_size': 8, 'drop_enabled': False, 'epochs': 100, 'loss': 'mae', 'lr': 0.016646395159620193, 'optimizer': 'adam', 'overcomplete': True, 'shuffle': True, 'drop_factor': 0.1, 'l1_reg': 2e-05, 'nl_o': 5, 'nnl_o': 11, 'nl_u': 4, 'nnl_u': 2}","{'precision_N': 0.9447322970639033, 'recall_N': 1.0, 'fscore_N': 0.9715808170515097, 'precision_A': 0.0, 'recall_A': 0.0, 'precision_W': 0.8925191131156393, 'recall_W': 0.9447322970639033, 'fscore_W': 0.9178837770762968, 'err_threshold': 1.0, 'n_perc': 85}",82,266.64412269999957
0.0920102588774622,"{'actv': 'relu', 'batch_size': 16, 'drop_enabled': False, 'epochs': 100, 'loss': 'mae', 'lr': 0.017693216340166622, 'optimizer': 'adam', 'overcomplete': False, 'shuffle': False, 'drop_factor': 0.1, 'nl_o': 3, 'nnl_o': 10, 'nl_u': 9, 'nnl_u': 8}","{'precision_N': 0.9328703703703703, 'recall_N': 1.0, 'fscore_N': 0.9652694610778444, 'precision_A': 1.0, 'recall_A': 0.01694915254237288, 'precision_W': 0.9374491543566688, 'recall_W': 0.9329479768786128, 'fscore_W': 0.9017038754860223, 'err_threshold': 1.0, 'n_perc': 85}",83,166.15657529999953
0.0992352290397481,"{'actv': 'relu', 'batch_size': 8, 'drop_enabled': False, 'epochs': 100, 'loss': 'mae', 'lr': 0.035807307009903755, 'optimizer': 'adam', 'overcomplete': True, 'shuffle': True, 'drop_factor': 0.1, 'l1_reg': 1e-05, 'nl_o': 8, 'nnl_o': 11, 'nl_u': 4, 'nnl_u': 2}","{'precision_N': 0.9462616822429907, 'recall_N': 1.0, 'fscore_N': 0.9723889555822328, 'precision_A': 0.0, 'recall_A': 0.0, 'precision_W': 0.8954111712813346, 'recall_W': 0.9462616822429907, 'fscore_W': 0.9201344089037483, 'err_threshold': 1.0, 'n_perc': 86}",84,295.01948880000054
0.061353008894177226,"{'actv': 'relu', 'batch_size': 24, 'drop_enabled': False, 'epochs': 100, 'loss': 'mae', 'lr': 0.0447966489251935, 'optimizer': 'adam', 'overcomplete': False, 'shuffle': False, 'drop_factor': 0.1, 'nl_o': 3, 'nnl_o': 10, 'nl_u': 4, 'nnl_u': 6}","{'precision_N': 0.9394114252740912, 'recall_N': 1.0, 'fscore_N': 0.9687592978280273, 'precision_A': 1.0, 'recall_A': 0.009433962264150943, 'precision_W': 0.9431152251131606, 'recall_W': 0.9394463667820069, 'fscore_W': 0.910681340989183, 'err_threshold': 1.0, 'n_perc': 93}",85,187.905052099999
0.03246421797818677,"{'actv': 'relu', 'batch_size': 16, 'drop_enabled': False, 'epochs': 100, 'loss': 'mae', 'lr': 0.02584392057644651, 'optimizer': 'adam', 'overcomplete': True, 'shuffle': False, 'drop_factor': 0.1, 'l1_reg': 1e-05, 'nl_o': 3, 'nnl_o': 10, 'nl_u': 4, 'nnl_u': 2}","{'precision_N': 0.9459770114942528, 'recall_N': 1.0, 'fscore_N': 0.9722386296515062, 'precision_A': 1.0, 'recall_A': 0.030927835051546393, 'precision_W': 0.9489834543428228, 'recall_W': 0.9460699942627654, 'fscore_W': 0.9214714769973489, 'err_threshold': 1.0, 'n_perc': 93}",86,265.43600419999893
0.06504800362191654,"{'actv': 'relu', 'batch_size': 8, 'drop_enabled': False, 'epochs': 100, 'loss': 'mae', 'lr': 0.02026558154120867, 'optimizer': 'adam', 'overcomplete': False, 'shuffle': True, 'drop_factor': 0.1, 'nl_o': 3, 'nnl_o': 10, 'nl_u': 8, 'nnl_u': 5}","{'precision_N': 0.9384251036116045, 'recall_N': 1.0, 'fscore_N': 0.9682345754428833, 'precision_A': 1.0, 'recall_A': 0.028037383177570093, 'precision_W': 0.9423190243642985, 'recall_W': 0.9385342789598109, 'fscore_W': 0.9104539986485423, 'err_threshold': 1.0, 'n_perc': 93}",87,474.5340398999997
0.022562364578324882,"{'actv': 'relu', 'batch_size': 24, 'drop_enabled': False, 'epochs': 100, 'loss': 'mae', 'lr': 0.053698716221336006, 'optimizer': 'adam', 'overcomplete': True, 'shuffle': False, 'drop_factor': 0.1, 'l1_reg': 2e-05, 'nl_o': 2, 'nnl_o': 10, 'nl_u': 4, 'nnl_u': 2}","{'precision_N': 0.9454962707974757, 'recall_N': 1.0, 'fscore_N': 0.9719846652904748, 'precision_A': 1.0, 'recall_A': 0.020618556701030927, 'precision_W': 0.9485259909881031, 'recall_W': 0.9455587392550143, 'fscore_W': 0.9202005274028048, 'err_threshold': 1.0, 'n_perc': 93}",88,188.43317749999915
0.09220775179856751,"{'actv': 'relu', 'batch_size': 24, 'drop_enabled': False, 'epochs': 100, 'loss': 'mae', 'lr': 0.018624558787590024, 'optimizer': 'adam', 'overcomplete': False, 'shuffle': True, 'drop_factor': 0.1, 'nl_o': 3, 'nnl_o': 10, 'nl_u': 6, 'nnl_u': 9}","{'precision_N': 0.9439359267734554, 'recall_N': 1.0, 'fscore_N': 0.9711595055915244, 'precision_A': 0.0, 'recall_A': 0.0, 'precision_W': 0.8910150338536621, 'recall_W': 0.9439359267734554, 'fscore_W': 0.9167123479553864, 'err_threshold': 1.0, 'n_perc': 85}",89,209.0925771000002
0.09856433551119625,"{'actv': 'relu', 'batch_size': 16, 'drop_enabled': False, 'epochs': 100, 'loss': 'mae', 'lr': 0.06087144853668202, 'optimizer': 'adam', 'overcomplete': True, 'shuffle': False, 'drop_factor': 0.1, 'l1_reg': 3e-05, 'nl_o': 6, 'nnl_o': 9, 'nl_u': 4, 'nnl_u': 2}","{'precision_N': 0.9445378151260504, 'recall_N': 1.0, 'fscore_N': 0.9714779602420052, 'precision_A': 0.0, 'recall_A': 0.0, 'precision_W': 0.892151684203093, 'recall_W': 0.9445378151260504, 'fscore_W': 0.9175976700100956, 'err_threshold': 1.0, 'n_perc': 85}",90,210.7035777000001
0.08314485624238031,"{'actv': 'relu', 'batch_size': 56, 'drop_enabled': False, 'epochs': 100, 'loss': 'mae', 'lr': 0.030110595115134996, 'optimizer': 'adam', 'overcomplete': False, 'shuffle': True, 'drop_factor': 0.1, 'nl_o': 3, 'nnl_o': 10, 'nl_u': 7, 'nnl_u': 5}","{'precision_N': 0.9374644684479818, 'recall_N': 1.0, 'fscore_N': 0.9677230046948356, 'precision_A': 1.0, 'recall_A': 0.03508771929824561, 'precision_W': 0.9415081727003528, 'recall_W': 0.9376063528077141, 'fscore_W': 0.9095315078281941, 'err_threshold': 1.0, 'n_perc': 86}",91,125.82008980000137
0.057583644908339796,"{'actv': 'relu', 'batch_size': 8, 'drop_enabled': False, 'epochs': 100, 'loss': 'mae', 'lr': 0.04728698521032303, 'optimizer': 'adam', 'overcomplete': True, 'shuffle': False, 'drop_factor': 0.1, 'l1_reg': 1e-05, 'nl_o': 4, 'nnl_o': 12, 'nl_u': 4, 'nnl_u': 2}","{'precision_N': 0.9418472063854048, 'recall_N': 1.0, 'fscore_N': 0.9700528479154432, 'precision_A': 1.0, 'recall_A': 0.009708737864077669, 'precision_W': 0.9452601623639252, 'recall_W': 0.9418803418803419, 'fscore_W': 0.9142496148074538, 'err_threshold': 1.0, 'n_perc': 88}",92,605.7023334000005
0.05003254682136079,"{'actv': 'relu', 'batch_size': 40, 'drop_enabled': False, 'epochs': 100, 'loss': 'mae', 'lr': 0.03958721319654116, 'optimizer': 'adam', 'overcomplete': True, 'shuffle': True, 'drop_factor': 0.1, 'l1_reg': 1e-05, 'nl_o': 3, 'nnl_o': 7, 'nl_u': 4, 'nnl_u': 2}","{'precision_N': 0.9466975666280417, 'recall_N': 0.999388379204893, 'fscore_N': 0.9723296637905385, 'precision_A': 0.75, 'recall_A': 0.031578947368421054, 'precision_W': 0.9358962551658082, 'recall_W': 0.946242774566474, 'fscore_W': 0.9222639167948591, 'err_threshold': 1.0, 'n_perc': 93}",93,141.17485039999883
0.08458936866372824,"{'actv': 'relu', 'batch_size': 48, 'drop_enabled': False, 'epochs': 100, 'loss': 'mae', 'lr': 0.010314043391662116, 'optimizer': 'adam', 'overcomplete': False, 'shuffle': False, 'drop_factor': 0.1, 'nl_o': 3, 'nnl_o': 10, 'nl_u': 4, 'nnl_u': 7}","{'precision_N': 0.9371787549971445, 'recall_N': 1.0, 'fscore_N': 0.9675707547169811, 'precision_A': 1.0, 'recall_A': 0.02654867256637168, 'precision_W': 0.9412259617732691, 'recall_W': 0.9372862029646523, 'fscore_W': 0.9085680935443403, 'err_threshold': 1.0000000000000002, 'n_perc': 100}",94,134.23697300000094
0.10172117594629526,"{'actv': 'relu', 'batch_size': 24, 'drop_enabled': False, 'epochs': 100, 'loss': 'mae', 'lr': 0.013001731484471004, 'optimizer': 'adam', 'overcomplete': True, 'shuffle': False, 'drop_factor': 0.1, 'l1_reg': 3e-05, 'nl_o': 9, 'nnl_o': 13, 'nl_u': 4, 'nnl_u': 2}","{'precision_N': 0.9387521465369204, 'recall_N': 1.0, 'fscore_N': 0.9684086211987009, 'precision_A': 0.0, 'recall_A': 0.0, 'precision_W': 0.8812555926276757, 'recall_W': 0.9387521465369204, 'fscore_W': 0.90909567187514, 'err_threshold': 1.0000000000000002, 'n_perc': 97}",95,210.39253100000133
0.0774303533367275,"{'actv': 'relu', 'batch_size': 32, 'drop_enabled': False, 'epochs': 100, 'loss': 'mae', 'lr': 0.08631885481632395, 'optimizer': 'adam', 'overcomplete': False, 'shuffle': True, 'drop_factor': 0.1, 'nl_o': 3, 'nnl_o': 10, 'nl_u': 5, 'nnl_u': 6}","{'precision_N': 0.9488703923900119, 'recall_N': 1.0, 'fscore_N': 0.9737644905430141, 'precision_A': 1.0, 'recall_A': 0.044444444444444446, 'precision_W': 0.9515997308745309, 'recall_W': 0.9489916963226572, 'fscore_W': 0.9263272250146712, 'err_threshold': 1.0000000000000002, 'n_perc': 100}",96,157.79619029999958
0.0208856526071658,"{'actv': 'relu', 'batch_size': 16, 'drop_enabled': False, 'epochs': 100, 'loss': 'mae', 'lr': 0.021698583501457078, 'optimizer': 'adam', 'overcomplete': True, 'shuffle': False, 'drop_factor': 0.1, 'l1_reg': 2e-05, 'nl_o': 2, 'nnl_o': 11, 'nl_u': 4, 'nnl_u': 2}","{'precision_N': 0.9427590154550658, 'recall_N': 1.0, 'fscore_N': 0.9705362404242781, 'precision_A': 1.0, 'recall_A': 0.02912621359223301, 'precision_W': 0.9461280562597104, 'recall_W': 0.9428571428571428, 'fscore_W': 0.9167447866617322, 'err_threshold': 1.0, 'n_perc': 94}",97,278.0761738000001
0.09867756645780659,"{'actv': 'relu', 'batch_size': 48, 'drop_enabled': False, 'epochs': 100, 'loss': 'mae', 'lr': 0.014127049569227895, 'optimizer': 'adam', 'overcomplete': True, 'shuffle': True, 'drop_factor': 0.1, 'l1_reg': 1e-05, 'nl_o': 7, 'nnl_o': 6, 'nl_u': 4, 'nnl_u': 2}","{'precision_N': 0.9362637362637363, 'recall_N': 1.0, 'fscore_N': 0.9670828603859251, 'precision_A': 0.0, 'recall_A': 0.0, 'precision_W': 0.8765897838425311, 'recall_W': 0.9362637362637363, 'fscore_W': 0.9054446121415475, 'err_threshold': 1.0, 'n_perc': 90}",98,124.27387090000047
0.07826312152962936,"{'actv': 'relu', 'batch_size': 8, 'drop_enabled': False, 'epochs': 100, 'loss': 'mae', 'lr': 0.025383079498150402, 'optimizer': 'adam', 'overcomplete': False, 'shuffle': False, 'drop_factor': 0.1, 'nl_o': 3, 'nnl_o': 10, 'nl_u': 8, 'nnl_u': 8}","{'precision_N': 0.9443194600674916, 'recall_N': 1.0, 'fscore_N': 0.9713624529939253, 'precision_A': 1.0, 'recall_A': 0.038834951456310676, 'precision_W': 0.9475378077740283, 'recall_W': 0.9444444444444444, 'fscore_W': 0.9195389972818405, 'err_threshold': 1.0, 'n_perc': 85}",99,622.3652562999996
0.09733470538993935,"{'actv': 'relu', 'batch_size': 40, 'drop_enabled': False, 'epochs': 100, 'loss': 'mae', 'lr': 0.03487197469355285, 'optimizer': 'adam', 'overcomplete': True, 'shuffle': False, 'drop_factor': 0.1, 'l1_reg': 1e-05, 'nl_o': 5, 'nnl_o': 9, 'nl_u': 4, 'nnl_u': 2}","{'precision_N': 0.9344450833812536, 'recall_N': 1.0, 'fscore_N': 0.9661117717003568, 'precision_A': 0.0, 'recall_A': 0.0, 'precision_W': 0.8731876138553981, 'recall_W': 0.9344450833812536, 'fscore_W': 0.9027783950621505, 'err_threshold': 1.0, 'n_perc': 85}",100,129.13752279999972
